n,Tp,e
16 &    1.212968e+00 &  3.208491e-01 \\
32 &    1.330465e+00 &  1.785441e-01 \\
64 &    1.351995e+00 &  9.374031e-02 \\
256 &   1.392981e+00 &  2.426724e-02 \\
512 &   1.329465e+00 &  1.220276e-02 \\
1024 &  3.045029e+00 &  6.118655e-03 \\
2048 &  3.907036e+00 &  3.063645e-03 \\
4096 &  7.759986e+00 &  1.532901e-03 \\
8192 &  2.534212e+01 &  7.667206e-04 \\
16384 & 9.371541e+01 &  3.834278e-04 \\
